"aa_freq_sp"	"aa"	"aa_ratio_sp"	"disorderpropensity"
2782674	"C"	0.0138	0
2211129	"W"	0.011	0.004
11924746	"I"	0.0592	0.09
5878177	"Y"	0.0292	0.113
7781013	"F"	0.0387	0.117
19436966	"L"	0.0966	0.195
4581551	"H"	0.0228	0.259
13819427	"V"	0.0687	0.263
8171524	"N"	0.0406	0.285
4861772	"M"	0.0242	0.291
11142059	"R"	0.0554	0.394
10779327	"T"	0.0536	0.401
10994687	"D"	0.0546	0.407
14248052	"G"	0.0708	0.437
16625990	"A"	0.0826	0.45
11704859	"K"	0.0581	0.588
7916519	"Q"	0.0393	0.665
13343491	"S"	0.0663	0.713
13553202	"E"	0.0673	0.781
9526123	"P"	0.0473	1
